wakandas_1st_heero,79,https://static-cdn.jtvnw.net/jtv_user_pictures/613aed09-406a-4c09-aaac-f8583864afd6-profile_image-300x300.png,2023-08-28
antpowe11,25,https://static-cdn.jtvnw.net/jtv_user_pictures/8c4fcac3-bad8-45a0-97cd-811527319280-profile_image-300x300.png,2023-08-28
misskoffein,51,https://static-cdn.jtvnw.net/jtv_user_pictures/6631d5c7-d2ed-4f88-8420-f338f3e917d8-profile_image-300x300.png,2023-08-28
kailondo,13,https://static-cdn.jtvnw.net/jtv_user_pictures/74e5cd10-a667-4d2a-9f36-46e4a3149ce6-profile_image-300x300.png,2023-08-28
xmetrix,15,https://static-cdn.jtvnw.net/jtv_user_pictures/ccc54133-7b31-4ee1-9d98-2f968d818b93-profile_image-300x300.png,2023-08-28
goode_cheeseburgers,24,https://static-cdn.jtvnw.net/jtv_user_pictures/73f3fb95-521d-43a8-8b22-dcf9fdf275ad-profile_image-300x300.png,2023-08-28
wakandas_1st_heero,79,https://static-cdn.jtvnw.net/jtv_user_pictures/613aed09-406a-4c09-aaac-f8583864afd6-profile_image-300x300.png,2023-08-28
antpowe11,25,https://static-cdn.jtvnw.net/jtv_user_pictures/8c4fcac3-bad8-45a0-97cd-811527319280-profile_image-300x300.png,2023-08-28
misskoffein,51,https://static-cdn.jtvnw.net/jtv_user_pictures/6631d5c7-d2ed-4f88-8420-f338f3e917d8-profile_image-300x300.png,2023-08-28
kailondo,13,https://static-cdn.jtvnw.net/jtv_user_pictures/74e5cd10-a667-4d2a-9f36-46e4a3149ce6-profile_image-300x300.png,2023-08-28
xmetrix,15,https://static-cdn.jtvnw.net/jtv_user_pictures/ccc54133-7b31-4ee1-9d98-2f968d818b93-profile_image-300x300.png,2023-08-28
goode_cheeseburgers,24,https://static-cdn.jtvnw.net/jtv_user_pictures/73f3fb95-521d-43a8-8b22-dcf9fdf275ad-profile_image-300x300.png,2023-08-28
antpowe11,4,https://static-cdn.jtvnw.net/jtv_user_pictures/8c4fcac3-bad8-45a0-97cd-811527319280-profile_image-300x300.png,2023-08-28
robotech83,1,https://static-cdn.jtvnw.net/jtv_user_pictures/5c967617-73c0-4bf4-b546-a2473292f8a3-profile_image-300x300.png,2023-08-28
miniscruff,7,https://static-cdn.jtvnw.net/jtv_user_pictures/19226552-258a-4158-9f31-7877da18875c-profile_image-300x300.png,2023-08-28
xowilough,8,https://static-cdn.jtvnw.net/jtv_user_pictures/8e77a3ba-48ed-433d-afe3-09b9c408e3d4-profile_image-300x300.png,2023-08-28
antpowe11,3,https://static-cdn.jtvnw.net/jtv_user_pictures/8c4fcac3-bad8-45a0-97cd-811527319280-profile_image-300x300.png,2023-08-28
robotech83,1,https://static-cdn.jtvnw.net/jtv_user_pictures/5c967617-73c0-4bf4-b546-a2473292f8a3-profile_image-300x300.png,2023-08-28
miniscruff,5,https://static-cdn.jtvnw.net/jtv_user_pictures/19226552-258a-4158-9f31-7877da18875c-profile_image-300x300.png,2023-08-28
xowilough,14,https://static-cdn.jtvnw.net/jtv_user_pictures/8e77a3ba-48ed-433d-afe3-09b9c408e3d4-profile_image-300x300.png,2023-08-28
thestrangest_bot,98,https://static-cdn.jtvnw.net/jtv_user_pictures/e1cc6f85-5198-4cc0-b60b-ad3a42eaa3ab-profile_image-300x300.png,2023-08-28
xowilough,113,https://static-cdn.jtvnw.net/jtv_user_pictures/8e77a3ba-48ed-433d-afe3-09b9c408e3d4-profile_image-300x300.png,2023-08-28
robotech83,26,https://static-cdn.jtvnw.net/jtv_user_pictures/5c967617-73c0-4bf4-b546-a2473292f8a3-profile_image-300x300.png,2023-08-28
codingwithstrangers,0,https://static-cdn.jtvnw.net/jtv_user_pictures/c7004812-8f58-46ac-b6be-bf3c78fbea0d-profile_image-300x300.png,2023-08-28
grimybadger,25,https://static-cdn.jtvnw.net/jtv_user_pictures/d1126f34-409e-47ab-9945-a0468a4894db-profile_image-300x300.png,2023-08-28
xowilough,126,https://static-cdn.jtvnw.net/jtv_user_pictures/8e77a3ba-48ed-433d-afe3-09b9c408e3d4-profile_image-300x300.png,2023-08-29
robotech83,87,https://static-cdn.jtvnw.net/jtv_user_pictures/5c967617-73c0-4bf4-b546-a2473292f8a3-profile_image-300x300.png,2023-08-29
codingwithstrangers,0,https://static-cdn.jtvnw.net/jtv_user_pictures/c7004812-8f58-46ac-b6be-bf3c78fbea0d-profile_image-300x300.png,2023-08-29
bigzaddysempai,2,https://static-cdn.jtvnw.net/jtv_user_pictures/16dc2bf3-8491-43ea-a9e6-dfd411ab33bd-profile_image-300x300.png,2023-08-29
miniscruff,19,https://static-cdn.jtvnw.net/jtv_user_pictures/19226552-258a-4158-9f31-7877da18875c-profile_image-300x300.png,2023-08-29
productivetime,31,https://static-cdn.jtvnw.net/jtv_user_pictures/090e2b41-ede7-4f8b-8fe6-819743bdb2aa-profile_image-300x300.png,2023-08-29
grimybadger,1,https://static-cdn.jtvnw.net/jtv_user_pictures/d1126f34-409e-47ab-9945-a0468a4894db-profile_image-300x300.png,2023-08-29
xowilough,163,https://static-cdn.jtvnw.net/jtv_user_pictures/8e77a3ba-48ed-433d-afe3-09b9c408e3d4-profile_image-300x300.png,2023-08-31
marioflowrs,135,https://static-cdn.jtvnw.net/jtv_user_pictures/eba1b2e1-9688-484b-b8b2-380176e0bbb3-profile_image-300x300.jpeg,2023-08-31
robotech83,106,https://static-cdn.jtvnw.net/jtv_user_pictures/5c967617-73c0-4bf4-b546-a2473292f8a3-profile_image-300x300.png,2023-08-31
dollabill_mcneal,105,https://static-cdn.jtvnw.net/jtv_user_pictures/22a144ab-b0c0-4508-9c7e-46bcbcd96a84-profile_image-300x300.png,2023-08-31
f34rinc,14,https://static-cdn.jtvnw.net/jtv_user_pictures/559d0a00-9bd8-4ecd-8c5d-a93c7eb9257b-profile_image-300x300.png,2023-08-31
jackysprinkles,31,https://static-cdn.jtvnw.net/jtv_user_pictures/7fa0f54a-03e5-42af-b302-0a10644c1171-profile_image-300x300.png,2023-08-31
me_am_stinky,59,https://static-cdn.jtvnw.net/user-default-pictures-uv/294c98b5-e34d-42cd-a8f0-140b72fba9b0-profile_image-300x300.png,2023-08-31
t3h_danger,75,https://static-cdn.jtvnw.net/jtv_user_pictures/b4a00e27-ce2e-48d7-814b-0055aa931898-profile_image-300x300.png,2023-08-31
grimybadger,8,https://static-cdn.jtvnw.net/jtv_user_pictures/d1126f34-409e-47ab-9945-a0468a4894db-profile_image-300x300.png,2023-08-31
xowilough,133,https://static-cdn.jtvnw.net/jtv_user_pictures/8e77a3ba-48ed-433d-afe3-09b9c408e3d4-profile_image-300x300.png,2023-09-03
productivetime,160,https://static-cdn.jtvnw.net/jtv_user_pictures/090e2b41-ede7-4f8b-8fe6-819743bdb2aa-profile_image-300x300.png,2023-09-03
robotech83,3,https://static-cdn.jtvnw.net/jtv_user_pictures/5c967617-73c0-4bf4-b546-a2473292f8a3-profile_image-300x300.png,2023-09-03
xowilough,242,https://static-cdn.jtvnw.net/jtv_user_pictures/8e77a3ba-48ed-433d-afe3-09b9c408e3d4-profile_image-300x300.png,2023-09-05
captain_stupid,245,https://static-cdn.jtvnw.net/jtv_user_pictures/aa42f956-35dc-4595-8cea-5f0d23b692d7-profile_image-300x300.png,2023-09-05
productivetime,226,https://static-cdn.jtvnw.net/jtv_user_pictures/090e2b41-ede7-4f8b-8fe6-819743bdb2aa-profile_image-300x300.png,2023-09-05
t3h_danger,102,https://static-cdn.jtvnw.net/jtv_user_pictures/b4a00e27-ce2e-48d7-814b-0055aa931898-profile_image-300x300.png,2023-09-05
codingwithstrangers,0,https://static-cdn.jtvnw.net/jtv_user_pictures/c7004812-8f58-46ac-b6be-bf3c78fbea0d-profile_image-300x300.png,2023-09-05
simulakrum,84,https://static-cdn.jtvnw.net/jtv_user_pictures/048019c3-a65b-46e4-aa5a-3f6ccd42f6ed-profile_image-300x300.png,2023-09-05
miniscruff,14,https://static-cdn.jtvnw.net/jtv_user_pictures/19226552-258a-4158-9f31-7877da18875c-profile_image-300x300.png,2023-09-05
jormunduur,22,https://static-cdn.jtvnw.net/jtv_user_pictures/jormunduur-profile_image-1cd4b9e773c51f34-300x300.jpeg,2023-09-05
